{
  "emp": [
    {
      "eno": 8000,
      "ename": "SCOTT",
      "job": "CLERK",
      "manager": "7902",
      "salary": 800
    },
    {
      "eno": 8001,
      "ename": "ALLEN",
      "job": "SALESMAN",
      "manager": "7698",
      "salary": 1600
    },
    {
      "eno": 8002,
      "ename": "WARD",
      "job": "SALESMAN",
      "manager": "7698",
      "salary": 1250
    },
    {
      "eno": 8003,
      "ename": "JONES",
      "job": "MANAGER",
      "manager": "7839",
      "salary": 2975
    }
  ]
}
